id,name,email,initials,roleId,status,lastLogin,dateAdded
usr-001,Dana Whitfield,dana.whitfield@ridgelinefg.com,DW,role-owner,active,2026-08-13,2022-03-10
usr-002,Marcus Lee,marcus.lee@ridgelinefg.com,ML,role-itadmin,active,2026-08-12,2022-05-02
usr-003,Priya Nair,priya.nair@ridgelinefg.com,PN,role-itadmin,active,2026-08-09,2023-01-18
usr-004,Sam O'Connor,sam.oconnor@ridgelinefg.com,SO,role-secanalyst,active,2026-08-11,2023-04-22
usr-005,Grace Kim,grace.kim@ridgelinefg.com,GK,role-secanalyst,active,2026-08-10,2023-04-22
usr-006,Victor Alvarez,victor.alvarez@ridgelinefg.com,VA,role-billingviewer,active,2026-07-30,2023-09-11
usr-007,Naomi Chen,naomi.chen@ridgelinefg.com,NC,role-socreadonly,active,2026-08-06,2024-02-14
usr-008,Theo Brandt,theo.brandt@ridgelinefg.com,TB,role-secanalyst,suspended,2026-06-18,2023-11-03
usr-009,Isla Fontaine,isla.fontaine@ridgelinefg.com,IF,role-itadmin,active,2026-08-07,2024-08-19
